{"eval_loss": 0.20474356412887573, "eval_accuracy": 0.0, "eval_f1": 0.004784688995215311, "eval_precision": 0.0024154589371980675, "eval_recall": 0.25, "eval_runtime": 0.1074, "eval_samples_per_second": 158.341, "eval_steps_per_second": 9.314}